,Metrics,Value
0,Epoch,41.0
1,Accuracy,0.576530612244898
2,Precision,0.5925925925925926
3,Recall,0.4897959183673469
4,F1-Score,0.536312849162011
5,AUC,0.6358808829654311
