,Metrics,Value
0,Accuracy,0.6326530612244898
1,Precision,0.589041095890411
2,Recall,0.8775510204081632
3,F1-Score,0.7049180327868853
4,AUC,0.7160558100791337
