,Metrics,Value
0,Epoch,22.0
1,Accuracy,0.6173469387755102
2,Precision,0.6292134831460674
3,Recall,0.5714285714285714
4,F1-Score,0.5989304812834225
5,AUC,0.6430653894210746
