,Metrics,Value
0,Epoch,58.0
1,Accuracy,0.576530612244898
2,Precision,0.5862068965517241
3,Recall,0.5204081632653061
4,F1-Score,0.5513513513513514
5,AUC,0.628436068304873
