,Metrics,Neural_Network,LSTM,GRU,Bidirectional_LSTM,Combined_CNN_LSTM
0,Epoch,39.0,13.0,20.0,16.0,10.0
1,Accuracy,0.5867346938775511,0.5357142857142857,0.5459183673469388,0.45408163265306123,0.5102040816326531
2,Precision,0.5779816513761468,0.5241379310344828,0.5283018867924528,0.45054945054945056,0.5087719298245614
3,Recall,0.6428571428571429,0.7755102040816326,0.8571428571428571,0.41836734693877553,0.5918367346938775
4,F1-Score,0.608695652173913,0.625514403292181,0.6536964980544747,0.43386243386243384,0.5471698113207547
5,AUC,0.6472303206997084,0.590795501874219,0.6033944189920866,0.43294460641399407,0.557371928363182
