,Metrics,Neural_Network,LSTM,GRU,Bidirectional_LSTM,Combined_CNN_LSTM
0,Epoch,31.0,21.0,14.0,13.0,11.0
1,Accuracy,0.5918367346938775,0.5561224489795918,0.5510204081632653,0.45408163265306123,0.5
2,Precision,0.6125,0.5679012345679012,0.532051282051282,0.4697986577181208,0.5
3,Recall,0.5,0.46938775510204084,0.8469387755102041,0.7142857142857143,0.5306122448979592
4,F1-Score,0.550561797752809,0.5139664804469274,0.6535433070866142,0.5668016194331984,0.5148514851485149
5,AUC,0.6404623073719282,0.564139941690962,0.640774677217826,0.4497084548104956,0.5374843815077052
