,Metrics,LSTM,GRU,Bidirectional_LSTM,Combined_CNN_LSTM
0,Epoch,5.0,11.0,4.0,5.0
1,Accuracy,0.6581632653061225,0.5357142857142857,0.5051020408163265,0.5969387755102041
2,Precision,0.6534653465346535,0.5244755244755245,0.5028901734104047,0.5798319327731093
3,Recall,0.673469387755102,0.7653061224489796,0.8877551020408163,0.7040816326530612
4,F1-Score,0.6633165829145728,0.6224066390041494,0.6420664206642066,0.6359447004608296
5,AUC,0.6734693877551021,0.6352040816326531,0.5141607663473553,0.6404623073719283
