,Metrics,Logistic Regression,Gaussian NB,Decision Tree,Random Forest,XGBoost,SVM
0,Accuracy,0.5367900032456995,0.3559720869847452,0.5651087309315159,0.6839824732229796,0.6722005842259008,0.542064264849075
1,Precision,0.5345939857502461,0.3662568217623894,0.5687653182739154,0.6932489706803586,0.6733299516716961,0.5618380982244638
2,Recall,0.5456410256410256,0.4025641025641026,0.5712820512820512,0.6586538461538461,0.673525641025641,0.35500000000000004
3,F1-Score,0.5382760927390867,0.3825570984850664,0.5666592443952629,0.6731654348220144,0.6717138771848378,0.4302213601915857
4,AUC,0.5584155161078238,0.35580128205128203,0.5651923076923078,0.72995644312952,0.7511094674556213,0.48054569362261673
