,Metrics,Logistic Regression,Gaussian NB,Decision Tree,Random Forest,XGBoost,SVM
0,Accuracy,0.5459183673469388,0.29081632653061223,0.6224489795918368,0.7602040816326531,0.75,0.5204081632653061
1,Precision,0.5445544554455446,0.297029702970297,0.6090909090909091,0.7741935483870968,0.7425742574257426,0.5285714285714286
2,Recall,0.5612244897959183,0.30612244897959184,0.6836734693877551,0.7346938775510204,0.7653061224489796,0.37755102040816324
3,F1-Score,0.5527638190954774,0.30150753768844224,0.6442307692307692,0.7539267015706805,0.7537688442211056,0.44047619047619047
4,AUC,0.5788213244481466,0.29081632653061223,0.6224489795918368,0.7839962515618492,0.790920449812578,0.5177530195751769
